,0
0,https://www.camping.info/en/search?adults=1&flex=2&offset=4515
1,https://www.camping.info/en/search?adults=1&flex=2&offset=4530
2,https://www.camping.info/en/search?adults=1&flex=2&offset=4545
3,https://www.camping.info/en/search?adults=1&flex=2&offset=4560
4,https://www.camping.info/en/search?adults=1&flex=2&offset=4575
5,https://www.camping.info/en/search?adults=1&flex=2&offset=4590
6,https://www.camping.info/en/search?adults=1&flex=2&offset=4605
7,https://www.camping.info/en/search?adults=1&flex=2&offset=4620
8,https://www.camping.info/en/search?adults=1&flex=2&offset=4635
9,https://www.camping.info/en/search?adults=1&flex=2&offset=4650
10,https://www.camping.info/en/search?adults=1&flex=2&offset=4665
11,https://www.camping.info/en/search?adults=1&flex=2&offset=4680
12,https://www.camping.info/en/search?adults=1&flex=2&offset=4695
13,https://www.camping.info/en/search?adults=1&flex=2&offset=4710
14,https://www.camping.info/en/search?adults=1&flex=2&offset=4725
15,https://www.camping.info/en/search?adults=1&flex=2&offset=4740
16,https://www.camping.info/en/search?adults=1&flex=2&offset=4755
17,https://www.camping.info/en/search?adults=1&flex=2&offset=4770
18,https://www.camping.info/en/search?adults=1&flex=2&offset=4785
19,https://www.camping.info/en/search?adults=1&flex=2&offset=4800
20,https://www.camping.info/en/search?adults=1&flex=2&offset=4815
21,https://www.camping.info/en/search?adults=1&flex=2&offset=4830
22,https://www.camping.info/en/search?adults=1&flex=2&offset=4845
23,https://www.camping.info/en/search?adults=1&flex=2&offset=4860
24,https://www.camping.info/en/search?adults=1&flex=2&offset=4875
25,https://www.camping.info/en/search?adults=1&flex=2&offset=4890
26,https://www.camping.info/en/search?adults=1&flex=2&offset=4905
27,https://www.camping.info/en/search?adults=1&flex=2&offset=4920
28,https://www.camping.info/en/search?adults=1&flex=2&offset=4935
29,https://www.camping.info/en/search?adults=1&flex=2&offset=4950
30,https://www.camping.info/en/search?adults=1&flex=2&offset=4965
31,https://www.camping.info/en/search?adults=1&flex=2&offset=4980
32,https://www.camping.info/en/search?adults=1&flex=2&offset=4995
33,https://www.camping.info/en/search?adults=1&flex=2&offset=5010
34,https://www.camping.info/en/search?adults=1&flex=2&offset=5025
35,https://www.camping.info/en/search?adults=1&flex=2&offset=5040
36,https://www.camping.info/en/search?adults=1&flex=2&offset=5055
37,https://www.camping.info/en/search?adults=1&flex=2&offset=5070
38,https://www.camping.info/en/search?adults=1&flex=2&offset=5085
39,https://www.camping.info/en/search?adults=1&flex=2&offset=5100
40,https://www.camping.info/en/search?adults=1&flex=2&offset=5115
41,https://www.camping.info/en/search?adults=1&flex=2&offset=5130
42,https://www.camping.info/en/search?adults=1&flex=2&offset=5145
43,https://www.camping.info/en/search?adults=1&flex=2&offset=5160
44,https://www.camping.info/en/search?adults=1&flex=2&offset=5175
45,https://www.camping.info/en/search?adults=1&flex=2&offset=5190
46,https://www.camping.info/en/search?adults=1&flex=2&offset=5205
47,https://www.camping.info/en/search?adults=1&flex=2&offset=5220
48,https://www.camping.info/en/search?adults=1&flex=2&offset=5235
49,https://www.camping.info/en/search?adults=1&flex=2&offset=5250
50,https://www.camping.info/en/search?adults=1&flex=2&offset=5265
51,https://www.camping.info/en/search?adults=1&flex=2&offset=5280
52,https://www.camping.info/en/search?adults=1&flex=2&offset=5295
53,https://www.camping.info/en/search?adults=1&flex=2&offset=5310
54,https://www.camping.info/en/search?adults=1&flex=2&offset=5325
55,https://www.camping.info/en/search?adults=1&flex=2&offset=5340
56,https://www.camping.info/en/search?adults=1&flex=2&offset=5355
57,https://www.camping.info/en/search?adults=1&flex=2&offset=5370
58,https://www.camping.info/en/search?adults=1&flex=2&offset=5385
59,https://www.camping.info/en/search?adults=1&flex=2&offset=5400
60,https://www.camping.info/en/search?adults=1&flex=2&offset=5415
61,https://www.camping.info/en/search?adults=1&flex=2&offset=5430
62,https://www.camping.info/en/search?adults=1&flex=2&offset=5445
63,https://www.camping.info/en/search?adults=1&flex=2&offset=5460
64,https://www.camping.info/en/search?adults=1&flex=2&offset=5475
65,https://www.camping.info/en/search?adults=1&flex=2&offset=5490
66,https://www.camping.info/en/search?adults=1&flex=2&offset=5505
67,https://www.camping.info/en/search?adults=1&flex=2&offset=5520
68,https://www.camping.info/en/search?adults=1&flex=2&offset=5535
69,https://www.camping.info/en/search?adults=1&flex=2&offset=5550
70,https://www.camping.info/en/search?adults=1&flex=2&offset=5565
71,https://www.camping.info/en/search?adults=1&flex=2&offset=5580
72,https://www.camping.info/en/search?adults=1&flex=2&offset=5595
73,https://www.camping.info/en/search?adults=1&flex=2&offset=5610
74,https://www.camping.info/en/search?adults=1&flex=2&offset=5625
75,https://www.camping.info/en/search?adults=1&flex=2&offset=5640
76,https://www.camping.info/en/search?adults=1&flex=2&offset=5655
77,https://www.camping.info/en/search?adults=1&flex=2&offset=5670
78,https://www.camping.info/en/search?adults=1&flex=2&offset=5685
79,https://www.camping.info/en/search?adults=1&flex=2&offset=5700
80,https://www.camping.info/en/search?adults=1&flex=2&offset=5715
81,https://www.camping.info/en/search?adults=1&flex=2&offset=5730
82,https://www.camping.info/en/search?adults=1&flex=2&offset=5745
83,https://www.camping.info/en/search?adults=1&flex=2&offset=5760
84,https://www.camping.info/en/search?adults=1&flex=2&offset=5775
85,https://www.camping.info/en/search?adults=1&flex=2&offset=5790
86,https://www.camping.info/en/search?adults=1&flex=2&offset=5805
87,https://www.camping.info/en/search?adults=1&flex=2&offset=5820
88,https://www.camping.info/en/search?adults=1&flex=2&offset=5835
89,https://www.camping.info/en/search?adults=1&flex=2&offset=5850
90,https://www.camping.info/en/search?adults=1&flex=2&offset=5865
91,https://www.camping.info/en/search?adults=1&flex=2&offset=5880
92,https://www.camping.info/en/search?adults=1&flex=2&offset=5895
93,https://www.camping.info/en/search?adults=1&flex=2&offset=5910
94,https://www.camping.info/en/search?adults=1&flex=2&offset=5925
95,https://www.camping.info/en/search?adults=1&flex=2&offset=5940
96,https://www.camping.info/en/search?adults=1&flex=2&offset=5955
97,https://www.camping.info/en/search?adults=1&flex=2&offset=5970
98,https://www.camping.info/en/search?adults=1&flex=2&offset=5985
99,https://www.camping.info/en/search?adults=1&flex=2&offset=6000
100,https://www.camping.info/en/search?adults=1&flex=2&offset=6015
101,https://www.camping.info/en/search?adults=1&flex=2&offset=6030
102,https://www.camping.info/en/search?adults=1&flex=2&offset=6045
103,https://www.camping.info/en/search?adults=1&flex=2&offset=6060
104,https://www.camping.info/en/search?adults=1&flex=2&offset=6075
105,https://www.camping.info/en/search?adults=1&flex=2&offset=6090
106,https://www.camping.info/en/search?adults=1&flex=2&offset=6105
107,https://www.camping.info/en/search?adults=1&flex=2&offset=6120
108,https://www.camping.info/en/search?adults=1&flex=2&offset=6135
109,https://www.camping.info/en/search?adults=1&flex=2&offset=6150
110,https://www.camping.info/en/search?adults=1&flex=2&offset=6165
111,https://www.camping.info/en/search?adults=1&flex=2&offset=6180
112,https://www.camping.info/en/search?adults=1&flex=2&offset=6195
113,https://www.camping.info/en/search?adults=1&flex=2&offset=6210
114,https://www.camping.info/en/search?adults=1&flex=2&offset=6225
115,https://www.camping.info/en/search?adults=1&flex=2&offset=6240
116,https://www.camping.info/en/search?adults=1&flex=2&offset=6255
117,https://www.camping.info/en/search?adults=1&flex=2&offset=6270
118,https://www.camping.info/en/search?adults=1&flex=2&offset=6285
119,https://www.camping.info/en/search?adults=1&flex=2&offset=6300
120,https://www.camping.info/en/search?adults=1&flex=2&offset=6315
121,https://www.camping.info/en/search?adults=1&flex=2&offset=6330
122,https://www.camping.info/en/search?adults=1&flex=2&offset=6345
123,https://www.camping.info/en/search?adults=1&flex=2&offset=6360
124,https://www.camping.info/en/search?adults=1&flex=2&offset=6375
125,https://www.camping.info/en/search?adults=1&flex=2&offset=6390
126,https://www.camping.info/en/search?adults=1&flex=2&offset=6405
127,https://www.camping.info/en/search?adults=1&flex=2&offset=6420
128,https://www.camping.info/en/search?adults=1&flex=2&offset=6435
129,https://www.camping.info/en/search?adults=1&flex=2&offset=6450
130,https://www.camping.info/en/search?adults=1&flex=2&offset=6465
131,https://www.camping.info/en/search?adults=1&flex=2&offset=6480
132,https://www.camping.info/en/search?adults=1&flex=2&offset=6495
133,https://www.camping.info/en/search?adults=1&flex=2&offset=6510
134,https://www.camping.info/en/search?adults=1&flex=2&offset=6525
135,https://www.camping.info/en/search?adults=1&flex=2&offset=6540
136,https://www.camping.info/en/search?adults=1&flex=2&offset=6555
137,https://www.camping.info/en/search?adults=1&flex=2&offset=6570
138,https://www.camping.info/en/search?adults=1&flex=2&offset=6585
139,https://www.camping.info/en/search?adults=1&flex=2&offset=6600
140,https://www.camping.info/en/search?adults=1&flex=2&offset=6615
141,https://www.camping.info/en/search?adults=1&flex=2&offset=6630
142,https://www.camping.info/en/search?adults=1&flex=2&offset=6645
143,https://www.camping.info/en/search?adults=1&flex=2&offset=6660
144,https://www.camping.info/en/search?adults=1&flex=2&offset=6675
145,https://www.camping.info/en/search?adults=1&flex=2&offset=6690
146,https://www.camping.info/en/search?adults=1&flex=2&offset=6705
147,https://www.camping.info/en/search?adults=1&flex=2&offset=6720
148,https://www.camping.info/en/search?adults=1&flex=2&offset=6735
149,https://www.camping.info/en/search?adults=1&flex=2&offset=6750
150,https://www.camping.info/en/search?adults=1&flex=2&offset=6765
151,https://www.camping.info/en/search?adults=1&flex=2&offset=6780
152,https://www.camping.info/en/search?adults=1&flex=2&offset=6795
153,https://www.camping.info/en/search?adults=1&flex=2&offset=6810
154,https://www.camping.info/en/search?adults=1&flex=2&offset=6825
155,https://www.camping.info/en/search?adults=1&flex=2&offset=6840
156,https://www.camping.info/en/search?adults=1&flex=2&offset=6855
157,https://www.camping.info/en/search?adults=1&flex=2&offset=6870
158,https://www.camping.info/en/search?adults=1&flex=2&offset=6885
159,https://www.camping.info/en/search?adults=1&flex=2&offset=6900
160,https://www.camping.info/en/search?adults=1&flex=2&offset=6915
161,https://www.camping.info/en/search?adults=1&flex=2&offset=6930
162,https://www.camping.info/en/search?adults=1&flex=2&offset=6945
163,https://www.camping.info/en/search?adults=1&flex=2&offset=6960
164,https://www.camping.info/en/search?adults=1&flex=2&offset=6975
165,https://www.camping.info/en/search?adults=1&flex=2&offset=6990
166,https://www.camping.info/en/search?adults=1&flex=2&offset=7005
167,https://www.camping.info/en/search?adults=1&flex=2&offset=7020
168,https://www.camping.info/en/search?adults=1&flex=2&offset=7035
169,https://www.camping.info/en/search?adults=1&flex=2&offset=7050
170,https://www.camping.info/en/search?adults=1&flex=2&offset=7065
171,https://www.camping.info/en/search?adults=1&flex=2&offset=7080
172,https://www.camping.info/en/search?adults=1&flex=2&offset=7095
173,https://www.camping.info/en/search?adults=1&flex=2&offset=7110
174,https://www.camping.info/en/search?adults=1&flex=2&offset=7125
175,https://www.camping.info/en/search?adults=1&flex=2&offset=7140
176,https://www.camping.info/en/search?adults=1&flex=2&offset=7155
177,https://www.camping.info/en/search?adults=1&flex=2&offset=7170
178,https://www.camping.info/en/search?adults=1&flex=2&offset=7185
179,https://www.camping.info/en/search?adults=1&flex=2&offset=7200
180,https://www.camping.info/en/search?adults=1&flex=2&offset=7215
181,https://www.camping.info/en/search?adults=1&flex=2&offset=7230
182,https://www.camping.info/en/search?adults=1&flex=2&offset=7245
183,https://www.camping.info/en/search?adults=1&flex=2&offset=7260
184,https://www.camping.info/en/search?adults=1&flex=2&offset=7275
185,https://www.camping.info/en/search?adults=1&flex=2&offset=7290
186,https://www.camping.info/en/search?adults=1&flex=2&offset=7305
187,https://www.camping.info/en/search?adults=1&flex=2&offset=7320
188,https://www.camping.info/en/search?adults=1&flex=2&offset=7335
189,https://www.camping.info/en/search?adults=1&flex=2&offset=7350
190,https://www.camping.info/en/search?adults=1&flex=2&offset=7365
191,https://www.camping.info/en/search?adults=1&flex=2&offset=7380
192,https://www.camping.info/en/search?adults=1&flex=2&offset=7395
193,https://www.camping.info/en/search?adults=1&flex=2&offset=7410
194,https://www.camping.info/en/search?adults=1&flex=2&offset=7425
195,https://www.camping.info/en/search?adults=1&flex=2&offset=7440
196,https://www.camping.info/en/search?adults=1&flex=2&offset=7455
197,https://www.camping.info/en/search?adults=1&flex=2&offset=7470
198,https://www.camping.info/en/search?adults=1&flex=2&offset=7485
199,https://www.camping.info/en/search?adults=1&flex=2&offset=7500
200,https://www.camping.info/en/search?adults=1&flex=2&offset=7515
201,https://www.camping.info/en/search?adults=1&flex=2&offset=7530
202,https://www.camping.info/en/search?adults=1&flex=2&offset=7545
203,https://www.camping.info/en/search?adults=1&flex=2&offset=7560
204,https://www.camping.info/en/search?adults=1&flex=2&offset=7575
205,https://www.camping.info/en/search?adults=1&flex=2&offset=7590
206,https://www.camping.info/en/search?adults=1&flex=2&offset=7605
207,https://www.camping.info/en/search?adults=1&flex=2&offset=7620
208,https://www.camping.info/en/search?adults=1&flex=2&offset=7635
209,https://www.camping.info/en/search?adults=1&flex=2&offset=7650
210,https://www.camping.info/en/search?adults=1&flex=2&offset=7665
211,https://www.camping.info/en/search?adults=1&flex=2&offset=7680
212,https://www.camping.info/en/search?adults=1&flex=2&offset=7695
213,https://www.camping.info/en/search?adults=1&flex=2&offset=7710
214,https://www.camping.info/en/search?adults=1&flex=2&offset=7725
215,https://www.camping.info/en/search?adults=1&flex=2&offset=7740
216,https://www.camping.info/en/search?adults=1&flex=2&offset=7755
217,https://www.camping.info/en/search?adults=1&flex=2&offset=7770
218,https://www.camping.info/en/search?adults=1&flex=2&offset=7785
219,https://www.camping.info/en/search?adults=1&flex=2&offset=7800
220,https://www.camping.info/en/search?adults=1&flex=2&offset=7815
221,https://www.camping.info/en/search?adults=1&flex=2&offset=7830
222,https://www.camping.info/en/search?adults=1&flex=2&offset=7845
223,https://www.camping.info/en/search?adults=1&flex=2&offset=7860
224,https://www.camping.info/en/search?adults=1&flex=2&offset=7875
225,https://www.camping.info/en/search?adults=1&flex=2&offset=7890
226,https://www.camping.info/en/search?adults=1&flex=2&offset=7905
227,https://www.camping.info/en/search?adults=1&flex=2&offset=7920
228,https://www.camping.info/en/search?adults=1&flex=2&offset=7935
229,https://www.camping.info/en/search?adults=1&flex=2&offset=7950
230,https://www.camping.info/en/search?adults=1&flex=2&offset=7965
231,https://www.camping.info/en/search?adults=1&flex=2&offset=7980
232,https://www.camping.info/en/search?adults=1&flex=2&offset=7995
233,https://www.camping.info/en/search?adults=1&flex=2&offset=8010
234,https://www.camping.info/en/search?adults=1&flex=2&offset=8025
235,https://www.camping.info/en/search?adults=1&flex=2&offset=8040
236,https://www.camping.info/en/search?adults=1&flex=2&offset=8055
237,https://www.camping.info/en/search?adults=1&flex=2&offset=8070
238,https://www.camping.info/en/search?adults=1&flex=2&offset=8085
239,https://www.camping.info/en/search?adults=1&flex=2&offset=8100
240,https://www.camping.info/en/search?adults=1&flex=2&offset=8115
241,https://www.camping.info/en/search?adults=1&flex=2&offset=8130
242,https://www.camping.info/en/search?adults=1&flex=2&offset=8145
243,https://www.camping.info/en/search?adults=1&flex=2&offset=8160
244,https://www.camping.info/en/search?adults=1&flex=2&offset=8175
245,https://www.camping.info/en/search?adults=1&flex=2&offset=8190
246,https://www.camping.info/en/search?adults=1&flex=2&offset=8205
247,https://www.camping.info/en/search?adults=1&flex=2&offset=8220
248,https://www.camping.info/en/search?adults=1&flex=2&offset=8235
249,https://www.camping.info/en/search?adults=1&flex=2&offset=8250
250,https://www.camping.info/en/search?adults=1&flex=2&offset=8265
251,https://www.camping.info/en/search?adults=1&flex=2&offset=8280
252,https://www.camping.info/en/search?adults=1&flex=2&offset=8295
253,https://www.camping.info/en/search?adults=1&flex=2&offset=8310
254,https://www.camping.info/en/search?adults=1&flex=2&offset=8325
255,https://www.camping.info/en/search?adults=1&flex=2&offset=8340
256,https://www.camping.info/en/search?adults=1&flex=2&offset=8355
257,https://www.camping.info/en/search?adults=1&flex=2&offset=8370
258,https://www.camping.info/en/search?adults=1&flex=2&offset=8385
259,https://www.camping.info/en/search?adults=1&flex=2&offset=8400
260,https://www.camping.info/en/search?adults=1&flex=2&offset=8415
261,https://www.camping.info/en/search?adults=1&flex=2&offset=8430
262,https://www.camping.info/en/search?adults=1&flex=2&offset=8445
263,https://www.camping.info/en/search?adults=1&flex=2&offset=8460
264,https://www.camping.info/en/search?adults=1&flex=2&offset=8475
265,https://www.camping.info/en/search?adults=1&flex=2&offset=8490
266,https://www.camping.info/en/search?adults=1&flex=2&offset=8505
267,https://www.camping.info/en/search?adults=1&flex=2&offset=8520
268,https://www.camping.info/en/search?adults=1&flex=2&offset=8535
269,https://www.camping.info/en/search?adults=1&flex=2&offset=8550
270,https://www.camping.info/en/search?adults=1&flex=2&offset=8565
271,https://www.camping.info/en/search?adults=1&flex=2&offset=8580
272,https://www.camping.info/en/search?adults=1&flex=2&offset=8595
273,https://www.camping.info/en/search?adults=1&flex=2&offset=8610
274,https://www.camping.info/en/search?adults=1&flex=2&offset=8625
275,https://www.camping.info/en/search?adults=1&flex=2&offset=8640
276,https://www.camping.info/en/search?adults=1&flex=2&offset=8655
277,https://www.camping.info/en/search?adults=1&flex=2&offset=8670
278,https://www.camping.info/en/search?adults=1&flex=2&offset=8685
279,https://www.camping.info/en/search?adults=1&flex=2&offset=8700
280,https://www.camping.info/en/search?adults=1&flex=2&offset=8715
281,https://www.camping.info/en/search?adults=1&flex=2&offset=8730
282,https://www.camping.info/en/search?adults=1&flex=2&offset=8745
283,https://www.camping.info/en/search?adults=1&flex=2&offset=8760
284,https://www.camping.info/en/search?adults=1&flex=2&offset=8775
285,https://www.camping.info/en/search?adults=1&flex=2&offset=8790
286,https://www.camping.info/en/search?adults=1&flex=2&offset=8805
287,https://www.camping.info/en/search?adults=1&flex=2&offset=8820
288,https://www.camping.info/en/search?adults=1&flex=2&offset=8835
289,https://www.camping.info/en/search?adults=1&flex=2&offset=8850
290,https://www.camping.info/en/search?adults=1&flex=2&offset=8865
291,https://www.camping.info/en/search?adults=1&flex=2&offset=8880
292,https://www.camping.info/en/search?adults=1&flex=2&offset=8895
293,https://www.camping.info/en/search?adults=1&flex=2&offset=8910
294,https://www.camping.info/en/search?adults=1&flex=2&offset=8925
295,https://www.camping.info/en/search?adults=1&flex=2&offset=8940
296,https://www.camping.info/en/search?adults=1&flex=2&offset=8955
297,https://www.camping.info/en/search?adults=1&flex=2&offset=8970
